{"y": [1, 5, 3, 1], "profit": [0.183, 9.52381, 0.579840000000001, 0.0], "z": 1.0105783362432, "_objective": 1.0105783362432}