{"x": [[0.0, 100.0, 100.0, 100.0, 0.0], [0.0, 42.8571428571429, 52.6785714285715, 42.8571428571429, 0.0], [0.0, 18.75, 25.0, 18.75, 0.0], [0.0, 7.14285714285715, 9.82142857142858, 7.14285714285715, 0.0], [0.0, 0.0, 0.0, 0.0, 0.0]], "_objective": 42.8571428571429}